<application>
  <component name="FindSettings">
    <option name="customScope" value="All Places" />
    <option name="defaultScopeName" value="All Places" />
    <option name="SEARCH_SCOPE" value="All Places" />
    <option name="FILE_MASK" value="*.vue" />
    <mask>*.properties</mask>
    <mask>*.html</mask>
    <mask>*.jsp</mask>
    <mask>*.xml</mask>
    <mask>*.java</mask>
    <mask>*.as</mask>
    <mask>*.css</mask>
    <mask>*.mxml</mask>
    <mask>.test</mask>
    <mask>*.sass</mask>
    <mask>*.js || *.vue</mask>
    <mask>*.js</mask>
    <mask>*.php</mask>
    <mask>actions.js</mask>
    <mask>getters.js</mask>
    <mask>*.test.js</mask>
    <mask>*.vue</mask>
  </component>
</application>