<keymap version="1" name="Mac OS X 10.5+ copy" parent="Mac OS X 10.5+">
  <action id="AddToFavoritesPopup" />
  <action id="Annotate">
    <keyboard-shortcut first-keystroke="alt a" />
  </action>
  <action id="EditorCloneCaretAbove">
    <keyboard-shortcut first-keystroke="shift ctrl up" />
  </action>
  <action id="EditorCloneCaretBelow">
    <keyboard-shortcut first-keystroke="shift ctrl down" />
  </action>
  <action id="Javascript.Linters.EsLint.Fix">
    <keyboard-shortcut first-keystroke="shift alt f" />
  </action>
  <action id="SearchEverywhere">
    <keyboard-shortcut first-keystroke="meta p" />
  </action>
  <action id="SelectInProjectView">
    <keyboard-shortcut first-keystroke="alt 1" />
  </action>
  <action id="SplitHorizontally">
    <keyboard-shortcut first-keystroke="alt close_bracket" />
  </action>
  <action id="SplitVertically">
    <keyboard-shortcut first-keystroke="alt open_bracket" />
  </action>
  <action id="Vcs.ShowTabbedFileHistory">
    <keyboard-shortcut first-keystroke="alt s" />
  </action>
</keymap>